source,target
хорошо,человек
хорошо,диалог
хорошо,общество
хорошо,сила
хорошо,правда
хорошо,религиозный
хорошо,ложь
хорошо,лидер
хорошо,литература
хорошо,друг
хорошо,пропаганда
хорошо,просвещение
мнение,общественный
мнение,наука
мнение,россия
мнение,мысль
мнение,человек
мнение,обсуждение
мнение,материал
мнение,правда
мнение,история
мнение,истина
мнение,ложь
мнение,лидер
мнение,реальность
ссср,мир
ссср,контекст
ссср,главный
ссср,экономика
ссср,история
ссср,конфликт
ссср,класс
ссср,манипуляция
ссср,ближний
ссср,либерал
ссср,европа
ссср,культура
ссср,сознание
русский истина,национальный
русский истина,диалог
русский истина,россия
русский истина,борис
русский истина,истинный
русский истина,работа
русский истина,общественный
русский истина,служение
русский истина,князь
русский истина,оправдание
русский истина,стремление
русский истина,сомнение
русский истина,бог
русский истина,русский
русский истина,центр
русский истина,обсуждение
русский истина,трубецкой
русский истина,истина
сомнение,политический
сомнение,контекст
сомнение,правда
сомнение,истина
сомнение,ложь
сомнение,класс
сомнение,пропаганда
сомнение,русский
сомнение,человек
сомнение,война
лидер,выбор
лидер,россия
лидер,класс
лидер,князь
лидер,интеллектуальный
лидер,традиционный
лидер,служение
лидер,политический
лидер,смута
лидер,русский
лидер,возможно
лидер,общественный
лидер,добро
лидер,трубецкой
либерал,манипуляция
либерал,запад
либерал,политика
либерал,ближний
либерал,геополитика
либерал,национализм
либерал,главный
либерал,европа
либерал,культура
либерал,контекст
либерал,конфликт
либерал,религия
либерал,класс
либерал,игил
либерал,литература
либерал,история
либерал,борьба
религиозный,диалог
религиозный,открытый
религиозный,друг
религиозный,принцип
религиозный,философия
религиозный,вера
религиозный,наука
религиозный,бог
религиозный,трубецкой
религиозный,человек
религиозный,вечный
религиозный,истина
геополитика,конфликт
геополитика,сознание
геополитика,история
геополитика,класс
геополитика,ближний
геополитика,главный
геополитика,манипуляция
лицо,мир
лицо,европа
лицо,остриё
лицо,человек
лицо,правда
лицо,речь
лицо,россия
лицо,общество
лицо,истина
лицо,действительно
лицо,ложь
лицо,враг
лицо,порядок
лицо,сознание
исторический,просвещение
исторический,россия
исторический,идеология
исторический,истина
исторический,константа
исторический,страх
исторический,метод
исторический,марксизм
исторический,принцип
исторический,развитие
исторический,социальный
исторический,русский
исторический,борис
исторический,консервативный
россия,трубецкой
россия,общество
россия,история
россия,движение
россия,конфликт
россия,национализм
россия,служение
россия,выбор
россия,национальный
россия,действительно
россия,вера
россия,класс
россия,власть
россия,запад
россия,враг
россия,борис
россия,возможно
россия,манипуляция
россия,князь
россия,обращение
россия,интеллектуальный
россия,борьба
россия,мир
россия,консервативный
россия,традиционный
россия,принцип
россия,общественный
россия,пропаганда
россия,марксизм
россия,метод
россия,сознание
россия,война
россия,развитие
россия,нация
россия,экономика
россия,просвещение
россия,социальный
россия,идеология
россия,цель
россия,стремление
россия,смерть
россия,русский
россия,европа
россия,политика
россия,культура
россия,страх
россия,контекст
россия,правда
россия,слой
россия,истина
россия,польза
россия,ширма
россия,главный
россия,литература
россия,катастрофа
россия,смысл
россия,речь
россия,порядок
россия,политический
россия,франция
бог,истина
бог,обращение
бог,истинный
бог,смерть
бог,русский
бог,мысль
бог,реальность
бог,свобода
бог,познание
бог,правда
бог,вера
бог,человек
бог,любовь
бог,сила
бог,мир
бог,национальный
бог,нация
бог,страх
истина,добро
истина,факт
истина,оправдание
истина,война
истина,идеология
истина,класс
истина,контекст
истина,публикация
истина,общество
истина,работа
истина,обсуждение
истина,открытый
истина,сила
истина,философия
истина,революция
истина,литература
истина,критика
истина,принцип
истина,интересный
истина,главный
истина,обращение
истина,конфликт
истина,диалог
истина,культура
истина,истинный
истина,сознание
истина,манипуляция
истина,зло
истина,социальный
истина,цель
истина,любовь
истина,русский
истина,справедливость
истина,слава
истина,пропаганда
истина,реальность
истина,мир
истина,свобода
истина,национальный
истина,миф
истина,нация
истина,вечный
истина,выбор
истина,тень
истина,вера
истина,политика
истина,заблуждение
истина,запад
истина,речь
истина,европа
истина,наука
истина,история
истина,смысл
истина,друг
истина,обман
истина,борьба
истина,франция
истина,мысль
истина,материал
истина,ближний
истина,человек
истина,ложь
истина,познание
истина,зима
истина,правда
истина,национализм
история,наука
история,класс
история,контекст
история,обман
история,национализм
история,литература
история,заблуждение
история,запад
история,марксизм
история,культура
история,общество
история,борьба
история,ближний
история,пропаганда
история,мир
история,философия
история,революция
история,политика
история,война
история,конфликт
история,сознание
история,европа
история,манипуляция
история,экономика
история,социальный
история,русский
история,франция
история,реальность
история,игил
история,главный
история,зло
пропаганда,идеология
пропаганда,политика
пропаганда,мир
пропаганда,просвещение
пропаганда,главный
пропаганда,истинный
пропаганда,общество
пропаганда,конфликт
пропаганда,ближний
пропаганда,сознание
пропаганда,цель
пропаганда,русский
пропаганда,война
слава,друг
слава,философия
слава,мир
слава,русский
слава,интересный
слава,социальный
слава,человек
слава,доблесть
слава,любовь
слава,власть
культура,общество
культура,контекст
культура,мир
культура,национальный
культура,нация
культура,главный
культура,сознание
культура,манипуляция
культура,конфликт
культура,русский
культура,познание
культура,вера
культура,класс
культура,ближний
культура,национализм
культура,европа
обсуждение,истинный
обсуждение,страх
обсуждение,смерть
обсуждение,русский
обсуждение,мир
обсуждение,любовь
обсуждение,человек
обсуждение,наука
обсуждение,материал
справедливость,нация
справедливость,друг
справедливость,мир
справедливость,принцип
справедливость,война
справедливость,сознание
справедливость,правда
справедливость,свобода
справедливость,смысл
справедливость,истинный
справедливость,общество
справедливость,человек
справедливость,традиционный
зима,выбор
зима,социальный
миф,тень
миф,смена
миф,человек
миф,правда
миф,вера
борьба,ближний
борьба,идеология
борьба,франция
борьба,европа
борьба,класс
борьба,религия
борьба,главный
борьба,сознание
борьба,манипуляция
борьба,война
борьба,конфликт
факт,наука
факт,смысл
факт,ложь
факт,философия
факт,речь
факт,реальность
факт,мир
факт,принцип
факт,человек
факт,главный
факт,правда
вера,наука
вера,обман
вера,человек
вера,ложь
вера,развитие
вера,революция
вера,русский
публикация,политика
публикация,философия
публикация,правда
публикация,наука
публикация,работа
публикация,русский
стремление,возможно
стремление,служение
стремление,русский
стремление,традиционный
стремление,польза
стремление,политический
стремление,движение
стремление,свобода
стремление,национальный
стремление,класс
стремление,власть
стремление,диалог
стремление,борис
стремление,центр
стремление,князь
стремление,интеллектуальный
стремление,смута
стремление,трубецкой
стремление,смерть
стремление,общественный
стремление,слой
любовь,страх
любовь,тень
любовь,человек
любовь,интересный
любовь,действительно
любовь,сильный
любовь,истинный
любовь,рукопись
любовь,смерть
любовь,русский
любовь,мир
общественный,власть
общественный,возможно
общественный,центр
общественный,князь
общественный,трубецкой
общественный,служение
общественный,традиционный
общественный,класс
общественный,диалог
общественный,политический
общественный,борис
общественный,смута
общественный,движение
общественный,русский
речь,человек
речь,ложь
речь,действительно
речь,традиционный
речь,обращение
речь,ширма
речь,правда
речь,русский
речь,политический
речь,общество
консервативный,принцип
консервативный,идеология
консервативный,мысль
консервативный,просвещение
консервативный,материал
консервативный,марксизм
консервативный,борис
консервативный,развитие
консервативный,открытый
консервативный,страх
консервативный,метод
движение,класс
движение,традиционный
движение,служение
движение,политический
движение,князь
движение,смута
движение,русский
движение,интеллектуальный
движение,трубецкой
движение,возможно
зло,обман
зло,ложь
зло,война
зло,добро
зло,смерть
зло,сила
зло,мир
зло,конфликт
зло,человек
зло,возможно
заблуждение,правда
заблуждение,обман
заблуждение,ложь
заблуждение,мир
заблуждение,цель
заблуждение,мысль
заблуждение,человек
политика,сознание
политика,экономика
политика,социальный
политика,русский
политика,война
политика,европа
политика,мир
политика,главный
политика,литература
политика,общество
политика,конфликт
политика,обман
политика,запад
политика,философия
политика,революция
политика,манипуляция
политика,ближний
ближний,конфликт
ближний,идеология
ближний,франция
ближний,друг
ближний,игил
ближний,европа
ближний,класс
ближний,контекст
ближний,общество
ближний,религия
ближний,главный
ближний,национализм
ближний,литература
ближний,обращение
ближний,сознание
ближний,манипуляция
ближний,экономика
ближний,война
ближний,борис
ближний,запад
смерть,возможно
смерть,князь
смерть,трубецкой
смерть,служение
смерть,русский
смерть,традиционный
смерть,политический
смерть,класс
смерть,интеллектуальный
смерть,смута
смерть,обман
смерть,власть
национальный,мысль
национальный,истинный
национальный,политический
национальный,цель
национальный,русский
национальный,нация
национальный,мир
национальный,человек
интеллектуальный,центр
интеллектуальный,возможно
интеллектуальный,трубецкой
интеллектуальный,познание
интеллектуальный,класс
интеллектуальный,традиционный
интеллектуальный,служение
интеллектуальный,политический
интеллектуальный,власть
интеллектуальный,князь
интеллектуальный,смута
интеллектуальный,русский
интеллектуальный,реальность
интеллектуальный,слой
обращение,мир
обращение,человек
обращение,правда
обращение,ложь
обращение,действительно
обращение,ширма
просвещение,цель
просвещение,принцип
просвещение,марксизм
просвещение,метод
просвещение,идеология
просвещение,страх
просвещение,константа
просвещение,развитие
просвещение,борис
просвещение,истинный
социальный,мир
социальный,человек
социальный,русский
социальный,интересный
социальный,правда
социальный,наука
социальный,материал
социальный,экономика
социальный,выбор
социальный,слой
манипуляция,контекст
манипуляция,игил
манипуляция,война
манипуляция,главный
манипуляция,европа
манипуляция,конфликт
манипуляция,национализм
манипуляция,класс
манипуляция,запад
манипуляция,литература
манипуляция,религия
манипуляция,выбор
манипуляция,сознание
манипуляция,идеология
человек,открытый
человек,истинный
человек,обман
человек,работа
человек,выбор
человек,реальность
человек,познание
человек,враг
человек,сообщение
человек,нация
человек,друг
человек,цель
человек,мысль
человек,страх
человек,мир
человек,наука
человек,сильный
человек,интересный
человек,порядок
человек,общество
человек,сила
человек,правда
человек,свобода
человек,смысл
человек,ложь
ширма,правда
ширма,действительно
выбор,ложь
выбор,порядок
выбор,враг
выбор,работа
выбор,страх
выбор,сознание
оправдание,русский
оправдание,работа
цель,мир
цель,война
цель,правда
цель,смысл
цель,ложь
цель,истинный
цель,обман
цель,нация
цель,возможно
принцип,тень
принцип,марксизм
принцип,метод
принцип,идеология
принцип,порядок
принцип,наука
принцип,константа
принцип,смысл
принцип,развитие
принцип,нация
принцип,борис
принцип,страх
национализм,главный
национализм,класс
национализм,сознание
национализм,русский
национализм,мир
национализм,европа
национализм,конфликт
диалог,трубецкой
диалог,друг
диалог,служение
диалог,борис
диалог,князь
диалог,русский
диалог,познание
диалог,центр
марксизм,страх
марксизм,метод
марксизм,константа
марксизм,борис
марксизм,развитие
марксизм,идеология
революция,сознание
революция,русский
революция,европа
революция,класс
обман,общество
обман,мир
обман,русский
обман,ложь
обман,правда
философия,война
философия,интересный
философия,европа
философия,сознание
философия,сила
философия,конфликт
философия,наука
философия,борис
философия,работа
философия,познание
философия,мир
философия,русский
интересный,власть
интересный,мир
интересный,друг
интересный,правда
интересный,ложь
смута,князь
смута,трубецкой
смута,служение
смута,русский
смута,польза
смута,катастрофа
смута,политический
смута,традиционный
смута,власть
смута,слой
смута,возможно
тень,правда
тень,рукопись
тень,смысл
тень,сильный
тень,порядок
тень,действительно
катастрофа,традиционный
катастрофа,служение
катастрофа,политический
катастрофа,князь
катастрофа,русский
катастрофа,трубецкой
катастрофа,возможно
катастрофа,класс
константа,борис
константа,страх
константа,идеология
борис,идеология
борис,мысль
борис,трубецкой
борис,материал
борис,площадка
борис,открытый
борис,служение
борис,метод
борис,развитие
борис,князь
борис,страх
борис,конфликт
борис,европа
борис,центр
сильный,идеология
сильный,правда
сильный,действительно
сильный,враг
сильный,рукопись
польза,традиционный
польза,политический
польза,русский
польза,класс
польза,князь
польза,трубецкой
польза,служение
нация,русский
нация,свобода
нация,правда
нация,общество
нация,политический
франция,идеология
франция,сознание
франция,конфликт
ложь,правда
ложь,распознать ложь
ложь,общество
ложь,вечный
ложь,работа
ложь,сила
ложь,порядок
ложь,враг
ложь,друг
ложь,сознание
ложь,экономика
ложь,реальность
ложь,свобода
игил,конфликт
игил,сознание
игил,главный
игил,класс
правда,действительно
правда,познание
правда,работа
правда,друг
правда,русский
правда,реальность
правда,свобода
правда,добро
правда,смысл
правда,общество
традиционный,служение
традиционный,политический
традиционный,класс
традиционный,власть
традиционный,центр
традиционный,слой
традиционный,трубецкой
традиционный,князь
традиционный,русский
традиционный,возможно
материал,открытый
материал,политический
материал,наука
материал,мысль
запад,враг
запад,класс
запад,главный
запад,европа
запад,русский
запад,открытый
запад,мир
запад,конфликт
запад,сознание
война,порядок
война,враг
война,конфликт
война,сознание
война,мир
война,класс
война,друг
война,главный
война,общество
война,работа
главный,литература
главный,сознание
главный,русский
главный,конфликт
главный,европа
главный,класс
главный,контекст
страх,метод
страх,развитие
страх,идеология
мир,враг
мир,сознание
мир,европа
мир,экономика
мир,русский
мир,реальность
мир,смысл
мир,познание
мир,вечный
мир,истинный
мир,общество
мир,друг
мир,работа
мир,религия
мир,сила
мир,порядок
мир,свобода
сила,сознание
сила,общество
сила,вечный
сила,работа
сила,власть
сила,враг
сила,возможно
сила,мысль
сила,русский
европа,критика
европа,враг
европа,конфликт
европа,сознание
европа,остриё
европа,экономика
европа,порядок
европа,литература
конфликт,сообщение
конфликт,премодерация
конфликт,общество
конфликт,религия
конфликт,идеология
конфликт,литература
конфликт,контекст
конфликт,сознание
конфликт,экономика
конфликт,класс
истинный,мысль
истинный,русский
истинный,свобода
истинный,друг
друг,враг
друг,смысл
друг,добро
друг,вечный
сообщение,премодерация
добро,смысл
добро,религия
рукопись,действительно
трубецкой,князь
трубецкой,слой
трубецкой,возможно
трубецкой,центр
трубецкой,служение
трубецкой,русский
трубецкой,политический
трубецкой,класс
трубецкой,познание
трубецкой,власть
литература,общество
литература,класс
литература,сознание
литература,идеология
развитие,вечный
развитие,метод
развитие,идеология
площадка,политический
площадка,сознание
площадка,открытый
площадка,общество
площадка,мысль
действительно,общество
действительно,сознание
свобода,мысль
свобода,общество
свобода,смысл
свобода,работа
реальность,общество
реальность,русский
реальность,познание
экономика,русский
экономика,сознание
экономика,наука
экономика,класс
экономика,общество
общество,порядок
общество,класс
общество,работа
общество,вечный
общество,сознание
общество,идеология
сознание,русский
сознание,идеология
сознание,контекст
сознание,класс
сознание,открытый
слой,власть
слой,возможно
слой,князь
слой,центр
слой,русский
слой,служение
слой,политический
слой,класс
вечный,смысл
вечный,политический
вечный,работа
вечный,метод
вечный,враг
остриё,враг
остриё,порядок
порядок,враг
наука,политический
наука,русский
наука,познание
наука,смысл
доблесть,русский
контекст,класс
центр,служение
центр,русский
центр,класс
центр,князь
класс,власть
класс,возможно
класс,политический
класс,князь
класс,русский
класс,познание
религия,идеология
познание,власть
власть,служение
власть,возможно
власть,политический
власть,князь
власть,русский
открытый,политический
открытый,мысль
князь,русский
князь,служение
князь,политический
князь,возможно
мысль,политический
мысль,русский
смысл,русский
идеология,метод
политический,работа
политический,русский
политический,враг
политический,служение
политический,возможно
русский,возможно
русский,критика
русский,служение
русский,работа
возможно,служение
